<?xml version="1.0" encoding="UTF-8"?>
<GenRun Id="impl_2" LaunchPart="xc7a35tcpg236-1" LaunchTime="1673450569">
  <File Type="ROUTE-PWR" Name="EMMA2_power_routed.rpt"/>
  <File Type="PA-TCL" Name="EMMA2.tcl"/>
  <File Type="BITSTR-BMM" Name="EMMA2_bd.bmm"/>
  <File Type="ROUTE-PWR-SUM" Name="EMMA2_power_summary_routed.pb"/>
  <File Type="REPORTS-TCL" Name="EMMA2_reports.tcl"/>
  <File Type="OPT-DCP" Name="EMMA2_opt.dcp"/>
  <File Type="OPT-DRC" Name="EMMA2_drc_opted.rpt"/>
  <File Type="OPT-HWDEF" Name="EMMA2.hwdef"/>
  <File Type="PWROPT-DCP" Name="EMMA2_pwropt.dcp"/>
  <File Type="PLACE-DCP" Name="EMMA2_placed.dcp"/>
  <File Type="PLACE-IO" Name="EMMA2_io_placed.rpt"/>
  <File Type="PLACE-UTIL" Name="EMMA2_utilization_placed.rpt"/>
  <File Type="PLACE-UTIL-PB" Name="EMMA2_utilization_placed.pb"/>
  <File Type="PLACE-CTRL" Name="EMMA2_control_sets_placed.rpt"/>
  <File Type="PLACE-PRE-SIMILARITY" Name="EMMA2_incremental_reuse_pre_placed.rpt"/>
  <File Type="BG-BGN" Name="EMMA2.bgn"/>
  <File Type="POSTPLACE-PWROPT-DCP" Name="EMMA2_postplace_pwropt.dcp"/>
  <File Type="BG-BIN" Name="EMMA2.bin"/>
  <File Type="PHYSOPT-DCP" Name="EMMA2_physopt.dcp"/>
  <File Type="BITSTR-MSK" Name="EMMA2.msk"/>
  <File Type="ROUTE-ERROR-DCP" Name="EMMA2_routed_error.dcp"/>
  <File Type="ROUTE-DCP" Name="EMMA2_routed.dcp"/>
  <File Type="ROUTE-BLACKBOX-DCP" Name="EMMA2_routed_bb.dcp"/>
  <File Type="ROUTE-DRC" Name="EMMA2_drc_routed.rpt"/>
  <File Type="ROUTE-DRC-PB" Name="EMMA2_drc_routed.pb"/>
  <File Type="ROUTE-DRC-RPX" Name="EMMA2_drc_routed.rpx"/>
  <File Type="BITSTR-LTX" Name="EMMA2.ltx"/>
  <File Type="ROUTE-METHODOLOGY-DRC" Name="EMMA2_methodology_drc_routed.rpt"/>
  <File Type="BITSTR-MMI" Name="EMMA2.mmi"/>
  <File Type="ROUTE-METHODOLOGY-DRC-RPX" Name="EMMA2_methodology_drc_routed.rpx"/>
  <File Type="ROUTE-METHODOLOGY-DRC-PB" Name="EMMA2_methodology_drc_routed.pb"/>
  <File Type="BITSTR-SYSDEF" Name="EMMA2.sysdef"/>
  <File Type="ROUTE-PWR-RPX" Name="EMMA2_power_routed.rpx"/>
  <File Type="ROUTE-STATUS" Name="EMMA2_route_status.rpt"/>
  <File Type="ROUTE-STATUS-PB" Name="EMMA2_route_status.pb"/>
  <File Type="ROUTE-TIMINGSUMMARY" Name="EMMA2_timing_summary_routed.rpt"/>
  <File Type="ROUTE-TIMING-PB" Name="EMMA2_timing_summary_routed.pb"/>
  <File Type="ROUTE-TIMING-RPX" Name="EMMA2_timing_summary_routed.rpx"/>
  <File Type="ROUTE-CLK" Name="EMMA2_clock_utilization_routed.rpt"/>
  <File Type="RDI-RDI" Name="EMMA2.vdi"/>
  <File Type="ROUTE-BUS-SKEW" Name="EMMA2_bus_skew_routed.rpt"/>
  <File Type="ROUTE-BUS-SKEW-PB" Name="EMMA2_bus_skew_routed.pb"/>
  <File Type="ROUTE-BUS-SKEW-RPX" Name="EMMA2_bus_skew_routed.rpx"/>
  <File Type="POSTROUTE-PHYSOPT-DCP" Name="EMMA2_postroute_physopt.dcp"/>
  <File Type="POSTROUTE-PHYSOPT-BLACKBOX-DCP" Name="EMMA2_postroute_physopt_bb.dcp"/>
  <File Type="BG-BIT" Name="EMMA2.bit"/>
  <File Type="BITSTR-RBT" Name="EMMA2.rbt"/>
  <File Type="BITSTR-NKY" Name="EMMA2.nky"/>
  <File Type="BG-DRC" Name="EMMA2.drc"/>
  <File Type="WBT-USG" Name="usage_statistics_webtalk.html"/>
  <FileSet Name="sources" Type="DesignSrcs" RelSrcDir="$PSRCDIR/sources_1">
    <Filter Type="Srcs"/>
    <File Path="$PSRCDIR/sources_1/new/ALU.vhd">
      <FileInfo>
        <Attr Name="UsedIn" Val="synthesis"/>
        <Attr Name="UsedIn" Val="simulation"/>
      </FileInfo>
    </File>
    <File Path="$PSRCDIR/sources_1/new/MPG.vhd">
      <FileInfo>
        <Attr Name="UsedIn" Val="synthesis"/>
        <Attr Name="UsedIn" Val="simulation"/>
      </FileInfo>
    </File>
    <File Path="$PSRCDIR/sources_1/new/IM.vhd">
      <FileInfo>
        <Attr Name="UsedIn" Val="synthesis"/>
        <Attr Name="UsedIn" Val="simulation"/>
      </FileInfo>
    </File>
    <File Path="$PSRCDIR/sources_1/new/PC.vhd">
      <FileInfo>
        <Attr Name="UsedIn" Val="synthesis"/>
        <Attr Name="UsedIn" Val="simulation"/>
      </FileInfo>
    </File>
    <File Path="$PSRCDIR/sources_1/new/MC.vhd">
      <FileInfo>
        <Attr Name="UsedIn" Val="synthesis"/>
        <Attr Name="UsedIn" Val="simulation"/>
      </FileInfo>
    </File>
    <File Path="$PSRCDIR/sources_1/new/MPC.vhd">
      <FileInfo>
        <Attr Name="UsedIn" Val="synthesis"/>
        <Attr Name="UsedIn" Val="simulation"/>
      </FileInfo>
    </File>
    <File Path="$PSRCDIR/sources_1/new/DM.vhd">
      <FileInfo>
        <Attr Name="UsedIn" Val="synthesis"/>
        <Attr Name="UsedIn" Val="simulation"/>
      </FileInfo>
    </File>
    <File Path="$PSRCDIR/sources_1/new/REG.vhd">
      <FileInfo>
        <Attr Name="UsedIn" Val="synthesis"/>
        <Attr Name="UsedIn" Val="simulation"/>
      </FileInfo>
    </File>
    <File Path="$PSRCDIR/sources_1/new/CPU.vhd">
      <FileInfo>
        <Attr Name="UsedIn" Val="synthesis"/>
        <Attr Name="UsedIn" Val="simulation"/>
      </FileInfo>
    </File>
    <File Path="$PSRCDIR/sources_1/SSD.vhd">
      <FileInfo>
        <Attr Name="UsedIn" Val="synthesis"/>
        <Attr Name="UsedIn" Val="simulation"/>
      </FileInfo>
    </File>
    <File Path="$PSRCDIR/sources_1/new/EMMA2.vhd">
      <FileInfo>
        <Attr Name="UsedIn" Val="synthesis"/>
        <Attr Name="UsedIn" Val="simulation"/>
      </FileInfo>
    </File>
    <Config>
      <Option Name="DesignMode" Val="RTL"/>
      <Option Name="TopModule" Val="EMMA2"/>
      <Option Name="TopAutoSet" Val="TRUE"/>
    </Config>
  </FileSet>
  <FileSet Name="constrs_in" Type="Constrs" RelSrcDir="$PSRCDIR/constrs_1">
    <Filter Type="Constrs"/>
    <File Path="$PSRCDIR/constrs_1/new/Basys3_test_env.xdc">
      <FileInfo>
        <Attr Name="UsedIn" Val="synthesis"/>
        <Attr Name="UsedIn" Val="implementation"/>
      </FileInfo>
    </File>
    <Config>
      <Option Name="TargetConstrsFile" Val="$PSRCDIR/constrs_1/new/Basys3_test_env.xdc"/>
      <Option Name="ConstrsType" Val="XDC"/>
    </Config>
  </FileSet>
  <FileSet Name="utils" Type="Utils" RelSrcDir="$PSRCDIR/utils_1">
    <Filter Type="Utils"/>
    <Config>
      <Option Name="TopAutoSet" Val="TRUE"/>
    </Config>
  </FileSet>
  <Strategy Version="1" Minor="2">
    <StratHandle Name="Vivado Implementation Defaults" Flow="Vivado Implementation 2018"/>
    <Step Id="init_design"/>
    <Step Id="opt_design"/>
    <Step Id="power_opt_design"/>
    <Step Id="place_design"/>
    <Step Id="post_place_power_opt_design"/>
    <Step Id="phys_opt_design"/>
    <Step Id="route_design"/>
    <Step Id="post_route_phys_opt_design"/>
    <Step Id="write_bitstream"/>
  </Strategy>
</GenRun>
